{
  "grafico1": {
    "Janeiro": 100,
    "Fevereiro": 120,
    "Março": 80,
    "Abril": 130,
    "Maio": 90,
    "Junho": 110,
    "Julho": 95,
    "Agosto": 105,
    "Setembro": 85,
    "Outubro": 125,
    "Novembro": 100,
    "Dezembro": 120
  },
  "grafico2": {
    "Janeiro": 200,
    "Fevereiro": 180,
    "Março": 150,
    "Abril": 130,
    "Maio": 250,
    "Junho": 180,
    "Julho": 220,
    "Agosto": 300,
    "Setembro": 120,
    "Outubro": 80,
    "Novembro": 160,
    "Dezembro": 280
  },
  "grafico3": {
    "Janeiro": 10,
    "Fevereiro": 20,
    "Março": 15,
    "Abril": 5,
    "Maio": 25,
    "Junho": 18,
    "Julho": 22,
    "Agosto": 30,
    "Setembro": 12,
    "Outubro": 8,
    "Novembro": 16,
    "Dezembro": 28
  },
  "grafico4": {
    "Janeiro": 8000,
    "Fevereiro": 9000,
    "Março": 7000,
    "Abril": 10000,
    "Maio": 8500,
    "Junho": 9500,
    "Julho": 9200,
    "Agosto": 11000,
    "Setembro": 8200,
    "Outubro": 7800,
    "Novembro": 8500,
    "Dezembro": 9200
  },
  "grafico5": {
    "Janeiro": 5,
    "Fevereiro": 8,
    "Março": 6,
    "Abril": 3,
    "Maio": 10,
    "Junho": 7,
    "Julho": 9,
    "Agosto": 11,
    "Setembro": 4,
    "Outubro": 6,
    "Novembro": 8,
    "Dezembro": 12
  },
  "grafico6": {
    "Janeiro": 120,
    "Fevereiro": 150,
    "Março": 130,
    "Abril": 110,
    "Maio": 160,
    "Junho": 140,
    "Julho": 170,
    "Agosto": 180,
    "Setembro": 130,
    "Outubro": 120,
    "Novembro": 160,
    "Dezembro": 180
  }
}
